Year,PLDI # of papers,PLDI Topic 0,PLDI Topic 1,PLDI Topic 2,PLDI Topic 3,PLDI Topic 4,PLDI Topic 5,PLDI Topic 6,PLDI Topic 7,PLDI Topic 8,PLDI Topic 9,PLDI Topic 10,PLDI Topic 11,PLDI Topic 12,PLDI Topic 13,PLDI Topic 14,PLDI Topic 15,PLDI Topic 16,PLDI Topic 17,PLDI Topic 18,PLDI Topic 19,PLDI Topic 20,PLDI Topic 21,PLDI Topic 22,PLDI Topic 23,PLDI Topic 24,PLDI Topic 25,PLDI Topic 26,PLDI Topic 27,PLDI Topic 28,PLDI Topic 29,PLDI Topic 30,PLDI Topic 31,PLDI Topic 32,PLDI Topic 33,PLDI Topic 34,PLDI Topic 35,PLDI Topic 36,PLDI Topic 37,PLDI Topic 38,PLDI Topic 39,PLDI Topic 40,PLDI Topic 41,PLDI Topic 42,PLDI Topic 43,PLDI Topic 44,PLDI Topic 45,PLDI Topic 46,PLDI Topic 47,PLDI Topic 48,PLDI Topic 49,POPL # of papers,POPL Topic 0,POPL Topic 1,POPL Topic 2,POPL Topic 3,POPL Topic 4,POPL Topic 5,POPL Topic 6,POPL Topic 7,POPL Topic 8,POPL Topic 9,POPL Topic 10,POPL Topic 11,POPL Topic 12,POPL Topic 13,POPL Topic 14,POPL Topic 15,POPL Topic 16,POPL Topic 17,POPL Topic 18,POPL Topic 19,POPL Topic 20,POPL Topic 21,POPL Topic 22,POPL Topic 23,POPL Topic 24,POPL Topic 25,POPL Topic 26,POPL Topic 27,POPL Topic 28,POPL Topic 29,POPL Topic 30,POPL Topic 31,POPL Topic 32,POPL Topic 33,POPL Topic 34,POPL Topic 35,POPL Topic 36,POPL Topic 37,POPL Topic 38,POPL Topic 39,POPL Topic 40,POPL Topic 41,POPL Topic 42,POPL Topic 43,POPL Topic 44,POPL Topic 45,POPL Topic 46,POPL Topic 47,POPL Topic 48,POPL Topic 49
1997,30,0.36344824588,0.954235294353,0.101253102003,0.261931424813,7.59749604805,0.336788047083,5.8727117486,0.696517105373,2.34021863064,0.539747129917,0.390769618333,0.0174858388,3.74816966738,0.257736429183,0.17603087468,0.926340833627,0.294645159577,2.31957248873,0.0174858388,0.0713610450867,0.926340833627,0.54747361852,0.238840144587,1.80408557778,2.97910977894,1.04634695689,0.07039397798,0.0174858388,0.36248688677,0.878393753917,5.30101096167,0.50940985059,0.205786689713,2.10641248679,4.90106071661,0.0174858388,3.44239441171,6.0602987631,6.97936493075,0.0174858388,0.34398897232,5.36722959494,4.22103577915,2.92451429522,0.137828081553,0.124391600207,0.0174858388,4.2095759456,0.248816901037,4.01714583722,36,0.0174858388,0.160918567181,0.190189223761,0.0174858388,0.0174858388,0.0907182670444,0.0174858388,0.0174858388,0.0812955498389,0.0174858388,0.119576441253,0.121403791503,0.0174858388,0.170737179572,0.147958859567,0.0869302832444,0.262155535775,0.126804747064,0.0174858388,0.383720191006,0.0869302832444,0.0797686266889,0.0174858388,0.2674858388,0.262362597706,0.221762028394,0.1963468393,0.0174858388,0.0174858388,0.128596949911,0.244065638869,0.157656649786,0.0791495202472,0.0174858388,0.0663141620222,0.184152505467,0.118172224633,0.185544392453,0.0174858388,0.440535244575,0.184152505467,0.0589292124028,0.0174858388,0.0174858388,0.0174858388,0.0924635294333,0.100819172133,0.0174858388,0.0174858388,0.0174858388
1981,0,,,,,,,,,,,,,,,,,,,,,,,,,,,,,,,,,,,,,,,,,,,,,,,,,,,23,0.923616973052,2.5647146275,0.298820269504,14.2903973317,0.0174858388,1.6729326856,0.278355404017,0.0174858388,0.071674358487,0.0730815793522,1.67325305083,0.0174858388,0.990294183252,0.0174858388,0.321833664887,2.2663743965,0.0174858388,3.79537606561,0.592802932843,2.42578058185,2.2663743965,1.24133031932,0.379383032543,0.690395172709,4.31628975668,3.63051225989,2.88578676242,0.0174858388,3.41329888641,0.763037593809,1.70284122586,1.01933174656,2.363669747,0.657392702617,0.0174858388,0.446002882457,0.190568773017,0.303446786539,0.0174858388,2.90683690977,0.516574353552,0.0174858388,6.99477793465,0.0174858388,0.0174858388,1.69037286592,0.157232169178,0.0174858388,0.85625948153,0.468220619113
1986,0,,,,,,,,,,,,,,,,,,,,,,,,,,,,,,,,,,,,,,,,,,,,,,,,,,,29,3.4823749823,2.7401747958,1.24896318222,4.50605505863,1.64726951688,0.0636403104034,2.1588170214,0.0174858388,0.925937576817,2.62897378395,3.43073798467,0.0174858388,0.0174858388,0.0174858388,0.0174858388,0.981908057321,0.960059352655,0.0174858388,0.205580442872,1.02668286081,0.981908057321,0.0766393435931,0.0174858388,2.62999206079,2.01970892806,0.651487104772,6.85333428861,0.881393804597,1.68103344632,0.230978442286,2.79552295351,3.86448723649,0.416992754103,0.0174858388,1.63912292612,0.0174858388,0.651026013172,1.0034331858,0.978762768179,2.23062413368,0.0174858388,0.0174858388,8.61813749912,0.290460035869,4.16213599557,1.84174993609,0.1462813532,0.996352171621,1.18813630188,0.0174858388
1987,0,,,,,,,,,,,,,,,,,,,,,,,,,,,,,,,,,,,,,,,,,,,,,,,,,,,28,4.60248681815,0.297045549907,4.49547874345,4.96552372339,0.0174858388,0.0174858388,1.8000067603,0.0174858388,1.67529519985,1.51895873358,3.50189531026,0.0174858388,0.0174858388,0.0174858388,1.31074252056,0.0174858388,0.365348818064,0.400747456668,1.17285619786,7.17448842895,0.0174858388,1.20837139354,0.0174858388,3.21151861229,0.0174858388,0.654809470943,0.582114127964,0.6650865184,3.9066033623,0.0174858388,0.0174858388,3.66355887261,1.9135471042,0.174486198668,0.0174858388,0.161940056371,1.65979799948,0.618330064564,0.0174858388,2.07895762105,0.0174858388,0.0544614378393,0.0174858388,0.0174858388,0.503154858796,0.0174858388,0.35913151015,0.0174858388,0.447959251661,0.433072566657
1984,0,,,,,,,,,,,,,,,,,,,,,,,,,,,,,,,,,,,,,,,,,,,,,,,,,,,31,0.0174858388,1.46874949634,0.594653226197,3.11209046673,1.15296320571,3.16969113409,0.960628881829,0.0174858388,0.0609046314,0.126684609494,1.97755893377,0.126357003726,0.0174858388,0.0975065715516,1.08027292588,1.23960590349,0.298632329861,0.83452854539,0.0174858388,2.46312924796,1.23960590349,2.32376791337,0.0174858388,3.8384509233,0.106781165387,0.153061804316,1.76982537225,0.0174858388,2.0661839102,0.109676753126,1.58105150006,0.676156476055,0.0717921831968,0.0521666381903,0.0174858388,0.0174858388,0.0174858388,0.0618060495,0.372470568387,2.26391646662,0.124120028226,0.231098614368,7.80030205891,0.0174858388,0.0174858388,1.05255436737,0.828734507065,0.0174858388,0.5323312681,1.48335996691
1985,0,,,,,,,,,,,,,,,,,,,,,,,,,,,,,,,,,,,,,,,,,,,,,,,,,,,29,1.54294243724,1.49688365826,0.252526919779,2.29625245008,0.25208829121,0.0663213438276,1.85815250329,0.0174858388,0.0174858388,1.93910556471,2.25407193981,2.3495478705,0.0174858388,0.336625785128,0.763803787807,0.518279662966,2.96171338975,0.0174858388,0.328820950083,1.66782672793,0.518279662966,0.0174858388,0.474973022624,3.82938303395,0.434536400548,0.363723166731,0.530568902145,4.06370436364,0.306005682759,2.3225190281,0.583174670431,0.633442587959,1.53749538609,0.0174858388,0.0536976059724,1.49978062049,1.44945520007,0.463181142693,0.0174858388,7.09393546701,0.0174858388,0.0174858388,0.653006623821,0.0174858388,0.0174858388,0.0648432815,0.489659254628,2.0411679661,0.544057713345,1.15673847481
1982,0,,,,,,,,,,,,,,,,,,,,,,,,,,,,,,,,,,,,,,,,,,,,,,,,,,,37,1.04045337091,0.3391892205,0.0885012839459,2.68877226211,0.0174858388,0.0472927831568,0.430778619143,0.0174858388,0.0768296216162,1.57419666614,1.60397999032,0.0174858388,0.399965728286,0.0174858388,2.02255813861,0.0174858388,1.21239793606,3.42094745848,0.0174858388,0.680237655424,0.0174858388,0.0174858388,0.452788867368,2.35492102721,0.344783087714,0.0174858388,0.778631847924,1.46382194168,2.35698196572,0.903205583186,0.788877327349,7.29179053661,1.98748955928,0.0174858388,1.95020238939,0.0174858388,0.636380216803,0.0174858388,0.257414344189,0.0174858388,0.0174858388,0.0554549684243,3.65153996525,0.0174858388,1.25800545148,0.57757446757,0.0174858388,0.793578393492,0.42753140377,0.0698768725162
1983,0,,,,,,,,,,,,,,,,,,,,,,,,,,,,,,,,,,,,,,,,,,,,,,,,,,,27,1.28037923364,0.851422223578,0.625017696915,27.4871570726,0.0174858388,0.509569998726,2.4360529448,0.0174858388,0.285564326148,0.7863769807,8.68689919717,0.0729010714148,0.822774762567,0.0174858388,1.68379323621,0.121567613589,5.66370826575,2.26970719631,0.185001658896,0.385501218541,0.121567613589,1.58199132032,0.514229977096,0.251045055289,16.7553952777,0.32964631787,15.3499081915,2.40091161621,3.00434151368,5.79031766616,0.337092480856,0.0174858388,12.6335307064,0.131032457481,0.147832769904,0.0174858388,0.0174858388,0.207096968711,0.0174858388,20.6722805406,0.218948730933,0.0174858388,0.731352833715,0.0174858388,0.0174858388,0.980339950919,1.61118897184,0.909577026496,4.48162740504,0.125524202907
1980,0,,,,,,,,,,,,,,,,,,,,,,,,,,,,,,,,,,,,,,,,,,,,,,,,,,,24,2.27832304413,3.35074487076,0.14555775665,6.8257408305,0.224661909254,0.0174858388,0.106658049192,0.0174858388,0.0174858388,1.51303905246,13.7187391281,0.0174858388,0.0687940024,0.0174858388,0.575891322296,1.9507669305,4.97768559885,3.42680114936,0.0174858388,1.42763515931,1.9507669305,0.073039432925,0.0174858388,0.960929624233,15.4656749497,0.0174858388,1.01685937805,0.0174858388,5.21663341815,0.294808237258,0.586803347337,1.82615066238,2.45412220258,0.148316001679,0.0174858388,0.0174858388,0.0174858388,9.7871869263,1.36897838022,0.0174858388,0.0174858388,0.147522725312,1.88461939289,0.0174858388,0.0683243450292,0.0174858388,0.0174858388,0.0174858388,0.0752862444625,2.72581917213
2003,27,3.44845189021,0.0174858388,0.0174858388,0.0174858388,5.59469917958,0.0174858388,1.12683576844,3.21328887276,4.65222215064,0.0666420003481,0.0798976768704,2.71691741959,9.79427999216,0.390396601548,3.67912015419,0.641330488322,0.0174858388,1.37648377436,3.53274336024,2.51182047103,0.641330488322,0.0904433935741,2.15761302564,0.172067343085,0.377524280781,7.39165929813,3.56187719132,0.56352399097,0.0174858388,0.198382180089,0.113591861315,0.100073144659,4.08981046173,1.47916767994,5.20000442703,1.62222253351,4.91182082327,2.65676367706,2.65828417045,0.52515798247,3.03264999856,0.411049416811,0.0174858388,3.14211792759,5.60457558082,0.0174858388,2.63706417828,3.37465013087,1.47466070053,0.0174858388,24,0.0174858388,1.15699969034,4.65029592533,0.5234514949,3.69212078537,0.273565099621,0.0691797192958,0.0174858388,3.91005082873,0.665654459221,0.186962017221,0.0174858388,0.0842166986417,1.12042646336,0.0868765857708,0.0174858388,1.63689622397,2.26923202764,0.0174858388,0.0174858388,0.0174858388,0.0174858388,0.107681754975,0.0174858388,2.82338567927,0.142466722312,1.6163870593,0.0174858388,0.190639022496,0.666788250567,0.87881970345,3.2466196073,5.8273277817,5.13102230995,0.201558779262,0.190663921458,0.0174858388,3.26543423597,7.75708490765,6.69885151785,6.37990701175,4.16747169588,0.249227036275,0.0174858388,3.33642132634,0.461143884788,2.39100523516,0.0174858388,0.906988067,0.0174858388
1988,32,1.12661658795,0.193503827634,0.0174858388,1.32842865489,0.315402519466,0.0174858388,4.72918060226,0.0174858388,0.361746561028,2.58634079446,0.349222611756,0.0904708891875,2.37714245317,0.954111890553,2.81039974576,0.0174858388,0.0670534017062,0.0174858388,0.0174858388,0.762715444959,0.0174858388,1.64901232581,0.0174858388,0.0487359084781,3.22579195217,0.780172802603,0.34215388085,1.16620169335,0.0174858388,2.95538089319,2.61479800168,3.14898357644,0.873207465762,2.48437714626,0.2049858388,0.346515882581,3.07156332312,1.50392843925,5.71780514972,0.0174858388,0.0174858388,0.233029119353,2.13464357447,0.960236525241,1.32692642121,0.205128750681,0.404350927572,0.165460452194,0.0174858388,0.0174858388,27,0.602168093519,4.94274413776,1.98053740918,0.120414563793,0.0174858388,0.0174858388,0.896344648719,0.0174858388,0.114345359619,1.37808148577,3.18989375247,0.479137156119,0.213123048804,1.07964198486,0.521057444204,0.0174858388,4.4362442201,0.299237947596,0.0174858388,4.26666348082,0.0174858388,1.70425842173,0.0174858388,0.382735444396,15.5022177974,0.354525322133,3.15138857229,0.0174858388,1.64260138276,1.86105519783,0.384373476096,2.66416602952,0.301206794852,0.0174858388,0.772642816244,0.0174858388,1.71609650389,3.15053116444,0.0174858388,2.47365185527,0.548815611215,0.0636766811556,0.246077529448,0.0174858388,0.0174858388,0.115433246881,2.21915937591,0.208094391833,5.49899970004,0.0174858388
1989,30,0.741293400563,0.1492546945,0.0174858388,0.651669315363,1.18155476547,0.30334309715,1.58177631937,0.888738809003,0.380911585603,0.0614786354067,0.0523072359967,0.0174858388,0.486519314337,0.0174858388,0.678298801347,0.0174858388,0.6445198134,0.0174858388,3.1715507252,1.62441972788,0.0174858388,0.153139361557,0.160424236237,0.0174858388,0.0174858388,0.0556266385533,1.83852135213,0.52596590586,0.0174858388,3.39385331401,3.32375088534,5.4235519657,0.388139931957,2.8746136975,1.83117650888,0.55753195168,1.19017096304,3.01847179932,7.77652289426,2.25418119279,0.0174858388,0.560241270857,6.95752207241,1.30498626394,1.82932908664,0.35211780658,1.23347507127,0.188672156437,0.0174858388,3.85899181228,29,0.0174858388,0.886200382528,3.34777391884,0.0174858388,0.0174858388,0.0174858388,1.26943587732,0.0174858388,0.738454015334,0.327331858348,5.16071156489,0.103427465145,0.0174858388,0.0174858388,0.0174858388,0.572792197762,1.88681562692,0.303599844497,0.0174858388,4.93310803298,0.572792197762,0.0174858388,0.0174858388,5.9043862613,0.840148779166,0.0174858388,3.27089420623,1.52290738242,2.69486109674,3.60734156243,3.03730790583,4.65823244298,4.17946117352,0.0575609895586,0.266940588041,0.0174858388,0.0174858388,0.76710047169,0.0174858388,2.18619252572,2.16903461583,0.0174858388,1.27632161559,0.0174858388,0.0174858388,0.0174858388,0.169081141297,0.350433891452,1.61578970465,0.382863045303
2015,0,,,,,,,,,,,,,,,,,,,,,,,,,,,,,,,,,,,,,,,,,,,,,,,,,,,54,0.172445908344,4.02837357132,5.17454222135,0.805677539598,0.358799797711,6.20956512308,2.07818409745,0.0174858388,0.421423763535,3.237180332,1.01047716074,0.357922766685,0.223886337498,3.85331982915,4.73691611075,0.8271938203,0.396230426396,4.80914676566,5.08637494869,6.33175757689,0.8271938203,0.36803017323,7.61048048518,0.186989069996,2.34466689905,0.588112341254,6.48863786896,4.9161644658,1.40002274049,2.62558104274,0.531668690757,1.35436927588,2.99444749598,0.0950763362815,0.0174858388,0.0438975918037,0.261398081106,0.0174858388,0.129812186078,4.37214390452,2.22855275929,1.7272031683,0.0930597804685,0.459383468331,0.0969694991889,1.78306557756,2.58236325897,0.254867748248,1.12105470573,0.328315002054
2014,58,0.729542138353,1.59498564367,0.961516722738,3.94017588255,0.193265564784,1.07152242367,5.81362425742,3.09179602325,2.8404906674,2.28835537133,0.697037513745,0.151187269622,0.34804216379,0.266881147448,0.828344633909,0.686044878757,0.293342293564,3.8037235056,6.24424795167,0.163158673316,0.686044878757,3.32552850967,3.482848599,2.23782630639,2.41721336908,6.80300502421,1.04339750554,4.53765769414,0.12477891535,2.77912355411,0.665008769253,0.678961169038,2.5393841743,0.204300276667,3.00022377848,1.00245280436,0.935273061376,1.22159920722,0.110799976402,0.163430395634,1.33183875817,1.10760151001,0.0174858388,1.66558164931,11.5616472762,3.87473348269,1.54758237999,0.081921209181,2.0398461824,3.64542819905,54,2.12242996653,2.87648347934,6.63275386222,0.0174858388,0.285779401528,5.44891440819,2.03708700834,0.0174858388,0.107589440776,0.515634604848,6.82283939261,0.143110485181,2.31791977633,2.13621397886,4.13532137387,2.25557296044,1.67864381085,3.74848307349,0.0174858388,4.06844127927,2.25557296044,1.36623845576,1.79920490098,0.548407944081,0.0547706456889,0.134035589824,2.90149299968,4.45443247556,3.91823631189,0.0174858388,2.21367509309,1.17237737294,4.30961851224,0.3032992955,0.0809030787389,0.0174858388,0.108895219957,1.50018012766,0.2468603153,3.40905022468,2.64955382721,0.0623440259167,0.0489885900389,0.380656477185,5.6661715701,3.00186525073,1.49181053024,0.235574372217,0.0478683627574,0.0174858388
2011,54,2.91051859388,1.25018656391,0.555736568283,1.88763099064,0.560493879733,1.33502792222,0.481738628096,3.21573567773,0.046598960037,2.96161025205,1.83908008589,4.38577501424,4.81186248046,1.51675665924,1.24919003525,2.68966167171,0.153179653061,3.1847000456,8.40602939187,0.335994751881,2.68966167171,4.03945482875,4.02179069131,2.74563469587,0.134455051598,1.90392480163,1.85460411494,0.132661771485,0.443600471189,3.12218385091,0.984042922263,0.146536673946,2.87233454811,0.422183898894,1.85605895557,7.52759761929,0.969040351074,0.919528322469,0.0174858388,1.87589255894,2.02841829624,3.21773363891,1.75822657954,7.04579069655,0.775682465431,2.27024819916,0.327671637013,2.03855037102,5.70734103691,3.2854845917,51,1.36451077635,0.127824461125,0.845558033092,0.962739150675,0.221285004029,0.203316909363,1.44574952575,0.72707218548,2.40547765323,4.18467214793,4.29722750187,0.155956927118,2.08072072612,5.62735069973,1.96324164642,0.179974268208,4.04920617939,4.97285864237,5.99671832535,0.710520454218,0.179974268208,2.03586052563,0.525796220637,0.386927534635,3.16276224612,0.10866798662,3.93575208124,2.39238660334,2.58466035256,0.838451524353,1.85490112249,4.37966690913,4.04046351819,0.111729548331,1.81888072484,3.84828532675,0.648291992892,3.83659442771,0.0681215219706,1.80612778097,2.90817022421,1.95428002465,0.0478250655902,0.376855814563,1.53079474477,0.0920601549627,0.78110284069,0.0174858388,3.08171466283,1.21340540898
2010,41,4.26495343033,0.0174858388,0.463419911105,0.0174858388,0.121774491124,0.540142725605,7.45232289368,5.73491004763,0.104399383859,0.145469371244,0.146879255724,5.42298355022,8.28025580243,0.0174858388,4.52543055644,0.769736807288,2.2900082538,1.7396705509,8.15935872973,0.660394631812,0.769736807288,3.23852457871,0.297133063483,0.350034678951,0.059088610261,1.43932831896,1.65449112938,2.07527400782,0.0174858388,3.428532106,0.850176208241,2.24061784597,1.07288179668,3.11219768985,0.314182287661,3.19277428368,0.0174858388,1.1876596941,0.0174858388,0.0174858388,8.54765186863,9.29655000244,3.43390070595,9.1232186456,4.05611165338,3.45483248751,3.02716516676,0.0174858388,0.0174858388,1.3800624337,40,0.598552034467,0.344921047148,5.33684332954,0.0174858388,0.50580877883,10.4187149018,2.33088795918,0.0174858388,1.47493407589,2.26284652205,2.7161020137,0.436221825695,1.52204272676,6.4424947329,0.792963389575,2.23656682761,3.56969332008,7.13930364875,6.03409382774,2.52654243486,2.23656682761,0.294937389945,5.39438130705,0.966526019107,0.913909217127,0.14282310864,9.26209180041,0.725062742397,3.92667968839,0.24688132808,0.54656232817,1.48844410993,0.914280139485,0.1121594399,3.1417998937,0.0462560881575,0.697106578555,0.819947456563,0.0174858388,0.216638130908,1.77610460593,5.2047248784,2.92293005216,0.0174858388,0.619217299417,2.34648146524,2.26536554565,0.0174858388,0.171429454292,0.298022454228
2013,47,1.64490370588,0.680133927653,0.314556037017,0.724636143964,0.0174858388,1.47616323264,2.88162179928,4.92108557941,0.915189245657,4.07851947782,4.85295245584,3.45609185349,3.63633168908,0.177470055636,2.86440012509,2.39514764277,2.35791137071,5.28169195903,6.12973100946,1.52334945977,2.39514764277,0.92662008636,3.82209056483,1.62689129283,1.60041985777,0.588167446483,1.49728943564,1.68457418364,0.291249219289,1.55559659948,0.0174858388,0.901428356385,0.485766853715,0.373590597183,0.383557090309,1.69859624367,2.18228169833,4.69435668974,0.251836090062,0.0174858388,2.63413174878,7.12219387747,0.0489327863766,3.35430777417,0.991274595683,0.114403871762,0.343960833915,2.26807728999,0.0952098789106,2.40778228187,47,7.25479032087,2.69956652107,7.07712950171,0.573678336389,0.0174858388,3.27553074062,1.00954436055,0.270826116206,0.0174858388,3.15186602373,6.34866852481,0.0174858388,0.319766060598,5.58084584391,0.655960753847,0.291305417579,0.610704129868,2.27796819499,2.51267440972,7.041666506,0.291305417579,0.669122194309,2.13988386188,0.649017537806,0.469220374891,0.0867437754489,2.34938819554,0.903675902966,2.09483114252,0.437483695436,0.408116010394,2.48145139998,5.81770489672,0.0174858388,2.08094579911,0.168774565915,1.46898872021,1.2672376417,0.0174858388,0.369126226849,1.97713750414,6.01699545641,1.26816832674,1.92272688963,0.0174858388,2.7612024412,0.240794954581,0.0174858388,0.294077023136,0.526981478509
2012,47,1.1706195144,0.310482532857,0.208651592864,0.156080641696,1.02100878199,0.0916765687957,0.233966668006,9.60833898816,0.2840172605,3.48225851982,0.176875419202,1.53035028415,2.34203438172,0.369629314811,0.0174858388,1.2089975983,1.5513148551,3.96572257105,5.23157214713,1.30847493302,1.2089975983,7.2646566831,4.85518112748,0.295202081521,0.0174858388,4.38901999172,1.36778980577,2.08709827318,0.575039563685,0.69441099564,0.842927007953,0.206000390296,0.712202334577,2.56426259325,1.6278604879,3.38530504942,0.643683832028,2.99429404819,0.0174858388,1.17646469324,3.15464608161,4.27174311471,0.428200657972,6.76189107797,11.0286226276,0.253195154568,0.204244539102,0.631860938247,0.0443211932,3.77298033331,47,0.779633943296,2.37646832096,5.53620292153,0.931978554596,0.198417908796,3.79745078143,1.06674883537,0.0174858388,1.58273861367,1.26119918358,3.58820934146,0.113551684826,0.959173599485,2.83679765722,7.07161770697,0.631467852966,3.65209033556,4.99346083496,6.54689598777,2.02111309856,0.631467852966,0.22570426894,2.94957500215,5.04641637727,0.199220139166,2.08896606197,2.48425831157,3.44534182198,2.94793860977,0.440737346064,0.156868106032,0.068833148066,4.05350014382,0.150374323383,0.0488209721745,0.0475845423787,0.0174858388,0.130678824494,0.0843465203277,4.49175246751,3.59020388258,2.25495328407,0.0174858388,0.114201938106,0.352126723632,1.33663477497,0.433433298879,0.0174858388,4.49156399801,0.168096766596
2005,28,2.56296453486,0.0174858388,0.0174858388,0.650186726446,3.53339914887,2.14251673106,1.06617426287,7.71212512878,2.32094667779,0.357753723839,0.0174858388,6.71844979457,0.0174858388,0.138386529268,5.77551292233,1.93079049204,2.71632884418,0.456273246239,7.14093358064,0.0174858388,1.93079049204,2.00926014836,2.2865965473,0.52643154915,0.0174858388,0.246485475643,4.62682786075,1.84940449136,0.0174858388,0.9057757919,0.719138778561,0.0174858388,0.0174858388,4.90121304069,3.49179666758,0.0174858388,4.32159623944,0.679408044157,9.31629813092,0.308641847514,0.0174858388,0.940345355264,1.47817177672,5.44576149719,5.72792304614,0.683530150061,0.0174858388,2.43536173226,0.449544487336,6.44713066596,30,0.112349803873,2.34630459539,0.05520551691,0.0174858388,0.200636039993,2.31286839236,1.29933243172,0.0174858388,3.74540487894,2.44867007298,3.02101036673,5.47459512968,0.836351344437,0.50622750011,1.76238974216,1.08489825631,1.96374552441,2.66587003503,0.90703974044,1.42070078114,1.08489825631,0.51308774316,2.92239263388,0.4137374849,0.13966474426,0.146726460327,2.21531769693,0.0174858388,4.3286574279,0.06220894284,5.08123088196,7.3877359117,1.72201022881,0.344412770557,0.0174858388,1.25383007417,0.0174858388,4.88687340921,0.0174858388,3.94454254739,0.15464374859,0.84047778795,0.0174858388,0.611416095497,0.361858199387,0.211673821833,0.420192056703,0.203513703887,7.11970244881,0.0174858388
1991,27,0.0174858388,0.0174858388,0.0174858388,0.0174858388,0.105805484859,0.0174858388,0.0601239205556,0.0174858388,0.0865431721333,0.165633986948,0.0174858388,0.0174858388,0.0174858388,0.0174858388,0.0174858388,0.209021190867,0.0174858388,0.0174858388,0.0174858388,0.0174858388,0.209021190867,0.0174858388,0.0174858388,0.235597390256,0.153765663563,0.165633986948,0.202671023985,0.0174858388,0.0628299134481,0.165633986948,0.057279536137,0.0174858388,0.0174858388,0.327138195644,0.53790429177,0.0174858388,0.8441133522,0.0644909164889,0.299536563111,0.0174858388,0.115240889363,0.202671023985,0.135857723456,0.0575157906333,0.127764939533,0.0174858388,0.0174858388,0.332009296193,0.0174858388,0.0688980956556,30,0.2174858388,0.155693887797,0.145267768877,0.0508191721333,0.0174858388,0.0174858388,0.0174858388,0.0548986401867,0.21056547385,0.156989853043,0.09571751416,0.153157448083,0.0738842221167,0.10897688194,0.171896650057,0.0174858388,0.497585420497,0.0174858388,0.0174858388,0.11622047398,0.0174858388,0.0508191721267,0.0174858388,0.141073388807,0.0174858388,0.0964083608767,0.148934641893,0.1174858388,0.547706395207,0.445564278697,0.0174858388,0.117485838807,0.0174858388,0.0174858388,0.0174858388,0.150819172133,0.0524895452467,0.10172691272,0.11399624032,0.44709192828,0.141008169077,0.09160668558,0.0174858388,0.0174858388,0.0511993499067,0.0174858388,0.0174858388,0.0174858388,0.0174858388,0.0174858388
1990,28,2.94077396119,0.0174858388,0.0174858388,0.284974910329,3.9364953733,0.0174858388,2.50353569889,0.160342981657,3.5670220568,0.0174858388,0.447173718418,0.621084709611,1.30854380043,0.0532001245143,0.960311687193,0.0174858388,0.852511668068,0.350593021396,0.0174858388,0.666800402343,0.0174858388,9.19872650002,0.0701700546571,1.55380784926,0.0743467807,0.137486132875,2.8181939141,0.0174858388,0.263992409746,9.2883899996,4.11477893964,0.0174858388,0.886387182518,0.226264241325,2.60816866648,0.0174858388,1.34148538839,2.79491697307,3.83961033715,0.439961649971,0.0174858388,0.0174858388,1.84282714435,0.22137919395,0.0637741623143,3.18747722774,3.61967225277,0.297448361068,0.0858463212071,5.53598607735,30,0.17633898719,1.21682154891,9.18194948207,0.229686518923,0.342306668697,0.204271959683,0.13830217194,0.10253534109,2.29289550407,2.40896301264,1.61476776356,0.260151103457,0.239982752097,0.193742030973,0.693640860213,0.0174858388,0.870466419023,0.0174858388,0.0174858388,5.80907677896,0.0174858388,1.57876914082,0.0174858388,5.03310709377,3.24811585641,0.280050175943,5.44135729803,1.72571005717,4.81203774686,0.0174858388,0.06055037833,5.2783118866,0.99483970038,2.41545844522,2.39741113063,0.0174858388,0.949014007283,0.353703985453,0.0920590907267,0.69099181899,1.93653108487,0.0174858388,0.0726082384167,0.0174858388,0.4758853097,2.33346990474,1.92549389265,0.61266236143,0.47995256653,0.619595982983
1993,28,1.05334065935,0.390185075554,0.0174858388,3.27421629472,1.1682751179,0.825703220918,2.07564620367,0.2674858388,0.0174858388,0.129819050025,0.0174858388,0.26158294095,1.53828501324,1.00501669794,0.0174858388,0.0174858388,0.111224371011,0.5510073044,0.21902097795,1.13017471626,0.0174858388,1.5574716527,0.0174858388,0.394460840236,1.53553550019,0.666842426082,2.42794493932,0.245528866361,0.0174858388,3.91401243921,1.48424675255,0.907739408729,0.0174858388,4.92529894583,0.4139996468,0.0174858388,10.9201819023,3.79595052076,3.98978256371,0.585612217732,0.564811934979,3.25520502486,0.523308011996,2.12065358481,0.715546588621,0.290718178989,2.75783083525,2.6591019095,2.73260229747,1.45692022316,42,0.427544531502,1.18522479214,5.79772503783,0.0174858388,2.28766864678,0.0174858388,0.151631880395,0.268900317307,2.58393341064,0.131512153971,0.956065977929,0.155592837079,0.938104066012,0.328320616379,0.0662308077143,0.820705300098,4.5535258194,0.411314891612,0.0484271951881,2.83595584701,0.820705300098,2.63127418195,0.0807337221738,3.25835834576,2.79194467507,0.8218360481,2.63241448538,0.138166962264,1.61412738633,1.29447503842,0.194509190343,2.81959929378,0.823469544062,0.875030179755,0.09958150745,0.311078555267,1.42257628771,4.28051859237,1.75305268231,5.69562137991,1.45652933519,0.0174858388,0.0174858388,0.0174858388,0.768071478274,0.165892721279,0.215849682145,0.832393960098,3.36587001688,0.531940921745
1992,29,0.889331606014,0.234056800279,0.0174858388,0.28823427199,0.781392253152,0.112886897134,2.12707895273,0.0174858388,0.231982988041,1.6874326328,0.174534412321,0.144509209966,6.19834588852,0.0174858388,0.0174858388,0.817824442252,0.0174858388,1.00233340912,0.322315846141,0.719150796186,0.817824442252,7.78252392225,0.135301033924,1.38853845231,0.062682388469,1.90929896044,0.109410440386,0.0559863346,0.0174858388,3.97330400941,0.6104150829,1.77152595268,0.643668785841,1.62086888642,6.33541661312,0.0174858388,4.74054148115,4.42255236144,5.37897405568,0.0174858388,0.0941350590897,0.0174858388,0.651383974466,1.07822663341,0.118023227259,0.0822876426655,4.25638071002,6.62761495051,1.89478385673,1.5962535198,30,0.182726856697,0.131045647223,2.12845813327,0.808890474087,0.08856079546,0.0174858388,1.36803383478,0.42478559352,3.17663927427,0.420367312587,0.659512500833,0.06119632534,0.0174858388,1.20740212566,1.02839917889,0.0174858388,2.66584986036,0.119295845233,0.827588733677,5.6582200607,0.0174858388,0.165312197107,0.0174858388,3.65106133124,0.0174858388,0.0174858388,2.58261374214,0.0174858388,0.822787362247,4.04247231554,0.379642300357,1.33360764488,3.36125072303,4.79351417867,0.0174858388,0.0174858388,1.56693132219,1.04975084209,0.11737769806,8.3535583426,0.146393125023,0.0174858388,8.28015875067,2.83850415786,0.150345713117,0.0829863535833,0.699845004253,0.0174858388,0.571890378317,0.0174858388
1995,27,1.5300860273,0.159867100874,0.0174858388,0.0174858388,10.9529575803,0.0174858388,3.29899959546,0.636537364378,1.06332415311,0.0174858388,0.0852893993148,0.239054875711,3.3231941794,0.0174858388,0.622996337104,0.0174858388,0.0174858388,0.059409267437,0.0174858388,0.0174858388,0.0174858388,3.88018767225,0.16339711427,0.142403196726,2.39307740941,0.0174858388,0.484884533304,0.0174858388,0.0174858388,2.43640751493,2.06502734678,0.830245048241,0.627977296785,3.41856095148,1.50687165064,0.393955288311,8.42433184137,4.53606015837,3.61561064431,0.0174858388,0.0174858388,2.59975045847,0.0174858388,0.630994242426,1.90644359877,0.338130490489,4.2096681715,5.22641596552,0.817847013296,2.19677725336,34,0.1716476495,5.62400096485,2.0525636249,1.16370143564,0.0174858388,0.0174858388,1.7028708362,0.0174858388,0.852842471674,0.0174858388,1.48296623388,0.157529532062,0.266476277547,0.421014592929,0.818459004229,0.622404968715,3.26126732196,0.688199055379,0.547243758668,3.15470517576,0.622404968715,1.14497814342,0.383123441362,1.04238742809,7.68933512394,0.780375638079,2.37554155759,0.148619809376,2.08101090085,0.682921934612,1.92173410435,6.53357538561,2.19245211532,0.0994634537265,1.86573870419,0.0174858388,1.29501100322,1.64180521923,0.0174858388,7.86234521877,0.628393306762,0.0174858388,0.0174858388,0.721767876282,0.0493163653412,3.34743556129,1.8130445889,0.0528371184294,3.14089026928,0.835885441894
1994,29,2.31059411845,0.143883588614,0.0174858388,0.0174858388,5.78197406171,0.0638303752862,0.563412662945,0.0174858388,0.102296162231,0.380389207703,0.0772579428793,0.0174858388,6.24171069925,0.0174858388,0.0174858388,1.0268755057,1.89662897524,0.0174858388,0.0174858388,0.982564670366,1.0268755057,5.68747990444,0.0523416298069,1.19465598861,4.64801972072,0.270978360652,1.35563093276,0.0174858388,0.0174858388,4.52754341121,1.15944900789,0.0755202883483,0.717216823448,0.577382102941,4.6381334602,0.181831087928,1.8002683314,5.37735777773,5.28903554364,1.00781837274,0.614684807928,3.91585790682,0.0174858388,2.63524360024,3.03348753669,0.0174858388,0.822018557572,9.01772615236,2.10417366723,0.0174858388,38,0.0174858388,4.69443805906,6.08537540091,0.12440324635,5.2973117311,0.269264298105,0.0523214172763,0.0174858388,0.603914802355,0.326450695026,0.984439521897,0.0174858388,0.08805293365,0.849472249539,0.0174858388,0.784835971763,4.3125117572,0.0174858388,0.430509867887,0.968120634547,0.784835971763,0.143312658747,0.113441358629,4.57363749879,1.06816153507,0.400509380695,2.21401690061,0.0174858388,1.59236536354,4.76504780058,1.45989326569,3.61439080158,0.153731674392,1.99470670357,0.144099718568,0.398400106753,0.805617189905,0.676419471455,0.392943193168,1.86596528888,0.417969606126,0.434268361663,0.492392277221,0.0174858388,0.0174858388,1.66576323413,1.54147426045,0.891618237121,5.98059372411,1.72477548077
1979,0,,,,,,,,,,,,,,,,,,,,,,,,,,,,,,,,,,,,,,,,,,,,,,,,,,,26,2.98698032798,1.27663420137,0.752655570677,7.2147032876,0.211323139358,0.230559721677,0.0911677749538,0.0174858388,0.111477045708,0.895710057227,2.76377367413,0.0174858388,1.45329024533,0.590728989412,0.387735493788,0.0964723617115,0.0174858388,9.6422784235,0.0174858388,6.44379653983,0.0964723617115,0.245781344715,1.18616698574,2.60671423747,18.6857920012,0.361946808496,0.814088714131,0.0174858388,5.13686972652,0.0174858388,1.33308999913,1.75272469818,2.7600684605,0.833337629638,0.0174858388,0.0174858388,0.0174858388,0.197907377235,0.0174858388,1.41338446862,0.0174858388,0.0174858388,9.37708771706,0.0174858388,0.0174858388,0.0174858388,6.0516670898,1.35180518216,0.355711477981,0.0174858388
1978,0,,,,,,,,,,,,,,,,,,,,,,,,,,,,,,,,,,,,,,,,,,,,,,,,,,,26,1.07803467023,1.71081192513,0.340989249377,1.1436528706,0.680546368862,0.0174858388,2.57691298365,0.0608218774538,0.788827515365,0.728335227365,3.21398603977,0.0174858388,1.2211384376,0.0692567097577,0.324546403181,0.0174858388,2.21833411824,6.15526495121,0.0174858388,1.04713645852,0.0174858388,0.602199974319,0.117664391992,1.90163625818,36.7572618709,0.0817433499308,1.00607392293,0.0174858388,0.0174858388,10.44475723,2.09221208965,4.58916469754,5.42516573933,0.0174858388,1.64856570622,0.0174858388,0.0174858388,0.599315669208,0.0174858388,0.505859926435,0.174275057696,0.222166697015,1.03303961489,0.0174858388,1.10914148646,0.0174858388,0.0174858388,0.3920735435,0.0174858388,0.320322094681
1999,25,2.63101633893,0.196416070912,0.0174858388,2.5155885417,3.6219476929,0.0174858388,1.54094326428,1.84617471404,1.02319733953,0.0174858388,0.0174858388,0.0174858388,3.63975895261,0.0174858388,1.13613461456,0.054940447632,3.96447391824,0.0174858388,1.04914034796,0.158888058316,0.054940447632,3.91137373158,1.45196342223,0.0174858388,0.081385274444,1.46489636155,1.89107851902,0.07659627346,0.385481478216,0.0174858388,0.091358647452,0.066195896916,0.0174858388,4.5398761289,6.48309991797,3.2593384852,7.27667704064,6.93946071728,6.80189232656,0.0174858388,0.0174858388,7.46573101071,0.0174858388,1.32413667166,0.80820144938,1.61833210096,0.184641110352,6.76333997471,0.264249530376,2.42410921678,24,0.0841759301708,0.0174858388,0.490146754271,0.184152505467,0.0683647682958,0.309152505467,0.0174858388,0.128158256662,0.1424858388,0.0174858388,0.061648190125,0.111127007208,0.0174858388,0.0620395740375,0.0174858388,0.0776619556042,0.0174858388,0.0174858388,0.0783342082583,0.0174858388,0.0776619556042,0.175931777867,0.0174858388,0.0591525054667,0.147133605192,0.0174858388,0.817373233067,0.0174858388,0.0174858388,0.0814325457458,0.0755842535333,0.100819172133,0.0174858388,0.0174858388,0.323162061775,0.0174858388,0.0174858388,0.363604759829,0.117462414096,0.0174858388,0.268403366017,0.0174858388,0.0591525054667,0.104924526167,0.0174858388,0.444538137942,0.0174858388,0.0174858388,0.0174858388,0.0174858388
1976,0,,,,,,,,,,,,,,,,,,,,,,,,,,,,,,,,,,,,,,,,,,,,,,,,,,,19,1.90093069035,0.944030689774,0.862640818237,6.79631586311,4.03211674228,0.0174858388,0.8235428692,0.618345328995,0.0174858388,0.0174858388,0.0174858388,0.0174858388,0.401460651837,0.101075858832,3.88545356102,0.984141447621,0.0174858388,7.25975226261,1.49602602672,1.00863549712,0.984141447621,0.0174858388,0.0174858388,0.314409419674,2.56907665096,2.05649138186,0.0174858388,0.0937580174,1.93988098698,6.61188727458,0.944489984911,0.8343385995,0.0174858388,0.0174858388,0.0174858388,0.0174858388,0.590504328226,0.0174858388,0.0174858388,0.409409921058,0.0174858388,0.0174858388,9.82202191164,0.0174858388,0.0174858388,1.0284814938,0.0174858388,2.67019263349,2.26037907105,0.0174858388
1975,0,,,,,,,,,,,,,,,,,,,,,,,,,,,,,,,,,,,,,,,,,,,,,,,,,,,22,15.0585061434,4.30087481908,0.289742948582,4.17598241597,0.193551753455,0.0174858388,0.388119867509,0.0174858388,0.0174858388,1.16320519942,0.0174858388,0.0174858388,0.658000825032,0.0174858388,0.0174858388,0.105138119541,0.636676556805,6.26470126709,0.0174858388,2.82971299206,0.105138119541,0.529265691632,0.355007037936,0.0174858388,4.06719263593,0.0973173851455,0.138393347391,0.0174858388,6.81234065767,0.0174858388,0.208826231055,0.4105060408,6.17172639898,0.0174858388,0.0768649974955,0.0174858388,0.431540442395,0.0174858388,0.260108106255,0.0174858388,0.0174858388,0.0174858388,2.00691935313,0.0174858388,0.0174858388,2.06294038425,0.0174858388,0.0174858388,1.41857647606,0.0174858388
1996,27,0.597337560752,0.0174858388,0.0174858388,0.0174858388,0.83668102523,1.84048748614,5.69679804631,0.0174858388,0.578706402044,1.54526619751,0.328572627559,0.446696055659,4.40758294507,0.244857549489,0.0174858388,1.20867202052,0.28702952807,0.209564943552,0.0174858388,0.29063724063,1.20867202052,2.29432084829,0.064087912563,1.08318196031,4.31141732965,2.94249694981,1.67848749778,0.250369346007,0.642772815174,0.0174858388,3.32071650665,0.426288921607,0.0174858388,0.326269655996,7.29156511587,0.0174858388,8.25154852214,3.13237598149,0.371912766285,0.0174858388,2.0696905908,1.09702488034,0.0174858388,2.05577129044,1.46670219042,0.0174858388,2.73164597919,1.62372357734,0.737885230119,15.3221999126,33,0.0488745679576,0.250113325176,0.23071343277,0.0174858388,0.171020529194,0.0174858388,0.169000990315,0.0174858388,0.047788869103,0.0780918994061,0.0174858388,0.199304020618,0.0780918994061,0.145879505264,0.0174858388,0.0953131892303,0.203861290224,0.0494630188091,0.0174858388,0.108394929709,0.0953131892303,0.0174858388,0.169000990315,0.114590237645,0.139506068342,0.313822310052,0.0780918994061,0.0174858388,0.047788869103,0.185726235639,0.0476314224515,0.108394929709,0.0174858388,0.0174858388,0.0174858388,0.0174858388,0.0174858388,0.259910081224,0.188234927512,0.285655841918,0.187132307076,0.0718965914697,0.0174858388,0.0174858388,0.0772837910758,0.0174858388,0.279202298606,0.0590154088606,0.0174858388,0.417166237818
1973,0,,,,,,,,,,,,,,,,,,,,,,,,,,,,,,,,,,,,,,,,,,,,,,,,,,,21,3.51163782154,1.52877457541,0.103896436195,14.9850161303,0.0174858388,0.0174858388,0.374373274538,0.0174858388,0.305265453171,0.0174858388,0.0174858388,0.0174858388,0.248085548795,0.0174858388,0.0174858388,0.772326478186,0.421458125562,1.41760658556,0.0174858388,2.31835885445,0.772326478186,0.442916405533,0.0174858388,0.0174858388,5.70045511083,0.0174858388,0.704208922829,0.160342981657,3.11071682357,0.0174858388,1.66014467249,0.407464455824,0.722171051057,0.0174858388,0.179124194348,0.160342981657,0.0174858388,0.0174858388,0.0174858388,0.623274580762,0.0174858388,0.0174858388,11.1434697792,0.0174858388,3.72073823788,0.129105828005,0.468970243848,1.9472903253,0.8005603018,0.0174858388
2002,27,2.49572010631,0.0665824570556,0.0174858388,0.601625091622,2.4292232067,0.0174858388,3.41034901297,4.06836946643,4.0879395468,3.4309772043,0.0174858388,0.447972595889,0.105284185881,0.770035800352,0.0174858388,1.00607644868,0.074191491163,0.913666735093,3.06245519634,0.0174858388,1.00607644868,0.949207197526,0.0174858388,0.0174858388,0.0174858388,0.309576872115,2.08849743114,0.418059400481,0.0174858388,0.0174858388,0.288771297856,0.0785170597815,1.02170326782,10.6771252887,11.6038023855,2.59650578838,2.40703385852,2.11827790542,6.77947281819,0.406088491974,3.16081485396,1.02662603384,2.27299518205,4.02467828222,1.3437722903,0.0174858388,2.7001103801,4.40925198921,0.18664084323,2.09713305979,29,0.426482895759,2.16333197067,3.52851061093,0.0174858388,0.325218844472,2.62839786856,1.05038208951,2.7401683887,2.76158286029,0.811809952755,0.925599975983,0.717440907534,2.93242567377,6.41320041567,1.22438239052,0.900038393072,0.0174858388,2.53758495238,3.45348899101,1.06388125058,0.900038393072,0.295814304907,0.0999065761897,0.878980800062,0.500394398017,3.68408819833,4.92279407217,0.537741387507,1.83566141372,0.0679753707655,0.375460901879,2.61154736984,1.19335487037,5.9488042118,0.254006570845,0.0174858388,0.0174858388,1.57944376166,0.0174858388,0.850100985662,1.72680665399,2.75371785525,0.0648500120172,0.134343329448,0.347429687279,0.115747654628,0.947660392083,0.320623760976,1.04574174944,0.0174858388
1977,0,,,,,,,,,,,,,,,,,,,,,,,,,,,,,,,,,,,,,,,,,,,,,,,,,,,24,4.11601154822,0.712145383233,0.136355571417,2.64598549344,14.3061162194,0.119607681308,0.544854033396,0.0174858388,0.147521005658,0.0943342593542,0.0813086736625,0.0174858388,0.554700690542,0.0174858388,0.0174858388,2.24724647671,0.0174858388,9.598957842,0.0174858388,14.6847225532,2.24724647671,3.75262558713,0.0174858388,0.286797430587,16.2600276132,0.829488240933,0.2309506553,0.0174858388,0.461046567658,0.422948636817,2.72331397025,0.0789213613458,1.68161565634,0.0174858388,0.654899680521,0.0174858388,0.0174858388,0.0782904408542,2.42133096568,0.0174858388,0.0174858388,0.0174858388,11.9130765425,0.0174858388,0.611975369513,0.412810455371,0.170759144767,2.91189781101,0.0796284811583,0.0174858388
2000,29,0.0174858388,0.0174858388,0.0174858388,0.633671915224,0.562501194938,0.151631163352,3.61931311459,2.25776370127,3.23897795926,3.98300308018,0.0174858388,0.981580577203,8.50230072845,0.218367343386,0.0174858388,0.0174858388,0.0174858388,0.0738635327966,2.39991826975,0.181324987586,0.0174858388,5.12819593212,0.960695716203,3.48428345276,0.413646814579,0.0174858388,0.861228204517,0.0174858388,0.0174858388,0.121053357883,2.38894704842,0.0174858388,1.07781400461,5.82444709214,6.88932692735,0.0174858388,6.05568807532,9.88710660671,1.137243299,0.265323547952,4.62216835876,0.682543429117,0.0174858388,0.277034372197,0.0750632825103,1.11119070762,1.44912971983,7.98485527684,0.076318804931,0.0174858388,30,0.453809860027,1.04114059052,0.21312395393,2.54958691669,0.839193759533,8.1520885847,0.40858715865,0.147074627913,0.1667839911,0.397911756877,0.974432535567,1.42508709773,0.173659355163,0.0174858388,0.0174858388,0.0174858388,5.90993466703,1.15689365359,0.0174858388,1.45286807324,0.0174858388,0.0174858388,2.63666168257,4.5140371474,3.22962038296,0.06350973609,2.19027387655,0.0174858388,1.18396815736,1.08119229343,1.72000058722,5.11628816287,0.490715999667,2.55440875299,0.67773308541,0.32904717735,0.0915777676033,1.86118696013,0.0174858388,4.23750672446,5.47093231179,0.264709913487,0.181593859147,0.0174858388,0.31152599509,0.250577971457,0.0174858388,4.5022691533,0.259427390483,2.45182521424
2001,29,0.334456387348,0.0174858388,0.0174858388,0.0174858388,0.0174858388,0.1677118842,1.57099403234,4.21924963952,1.52610588703,1.2094380075,0.938483290745,3.09845391565,2.98954280847,3.33086249571,0.0174858388,0.360252858448,0.0174858388,2.09686078037,0.0174858388,0.129126139521,0.360252858448,2.39596770637,8.72220135002,0.0174858388,0.0174858388,0.0696368401276,0.519674616797,0.0770364916103,0.0174858388,0.583691535679,0.351455587276,0.0174858388,0.33384033591,8.29174117228,4.05291998752,0.149714559724,2.53594202298,5.3718857023,2.76073189037,1.23962756894,6.3366940605,1.90792088081,1.06685317456,3.5811173111,0.579001943262,0.201425375866,3.84648257632,0.733111352783,0.068757070669,5.67617388994,25,0.558752486616,0.99233628036,1.31433850188,5.16561266657,0.103730478108,0.832259006296,0.0174858388,2.02907287077,0.097941487616,0.0174858388,4.79228997526,0.082033063232,0.066833056352,1.2318366051,0.621040575096,0.2649855524,0.92757751086,1.83596849764,2.27110714765,0.76375986506,0.2649855524,2.92152009669,0.196268763768,1.0227230922,3.81112854727,0.0174858388,3.85879806059,4.58030940863,0.0174858388,0.0174858388,0.488378462956,9.40964940777,4.3655891476,1.39913587167,0.429139451996,0.0174858388,0.0174858388,1.23087467901,0.087159817432,9.30286061391,5.64172405444,0.0174858388,0.077024615872,0.0174858388,0.0174858388,0.185413504884,3.61805971449,0.23221535638,0.81243032102,0.69256938414
2006,35,2.06064277831,0.0174858388,0.0174858388,4.70296684637,0.0734699247429,0.618167715514,0.384573877086,2.10148257003,2.86378149759,0.375506540654,0.324510418634,3.69506159157,5.2331295776,0.0174858388,0.0174858388,1.39545919972,0.0572426062314,0.0174858388,3.39924729668,1.49699531534,1.39545919972,0.412148549806,1.93297455143,1.11338845545,0.0174858388,1.61726504402,0.373437294531,0.322025913251,0.0174858388,5.06369982019,1.9397352012,0.08933306522,0.212585959197,8.57287470954,7.51064932388,3.0628115077,2.74034926149,3.31114049917,5.16048798418,0.173948112583,3.98660566399,8.17640887553,3.66412042829,9.28172773801,2.45262152231,0.0174858388,0.875642247654,0.282766157837,1.52240645647,0.848411073709,35,0.899129186909,1.04321588541,0.705950402511,1.77269509377,0.420566503306,7.90145294496,1.24754125605,3.95148121986,4.40647019871,0.340664267306,6.41463405209,0.390218159917,2.08899752401,1.83534079528,12.030845224,0.0174858388,2.31810989955,4.80141119438,5.59262226441,0.40847067264,0.0174858388,1.21526301807,0.0174858388,3.30787707478,0.23578284948,3.06462492573,5.06726662691,0.0174858388,2.33501455058,0.0174858388,0.62375903072,0.39082713424,0.406649829094,0.219567958157,0.202386761226,0.0174858388,0.0174858388,0.720333058574,0.0533544145543,6.41507114206,2.29963859183,2.72980520002,0.79893859732,0.307647152711,0.595841005589,0.762412962369,0.588932107366,0.0174858388,0.291822940066,0.0174858388
2007,44,3.19701126385,0.0174858388,0.447627617843,0.0174858388,0.17631182448,0.321415318784,1.46177419322,8.76380245553,0.134018294709,3.56380930542,1.67427685675,3.82460773451,0.851067421098,0.140852888334,0.631986037305,0.296966284882,0.118233670493,4.84835095429,11.8253997762,0.465573917091,0.296966284882,1.00386132276,2.01803768533,0.436679059277,0.56158362315,2.83550421312,1.62912765695,3.38251689128,0.0174858388,5.98130268504,0.757444255507,0.0573951913318,2.26051073727,2.5274778708,0.93606714598,1.41322718273,0.165042269959,5.31914945983,0.131391312041,0.553665037827,2.04157330014,4.60995863527,0.0975904181886,4.03685064184,8.30492410967,0.802718288173,0.9227426998,6.5064294795,0.0174858388,5.26697985777,38,0.796690138768,1.21709945241,2.23962457176,1.90325146343,0.421703816784,1.02086640305,2.67110024212,0.616749032471,2.2091023904,4.6268328437,4.02057602746,2.39345414416,0.136339483047,1.84548693161,5.59883640207,1.05456227309,2.51964348294,3.04928484903,2.86007152289,2.02091610734,1.05456227309,0.0174858388,7.12295573081,0.291963503861,0.906347621353,0.874409159255,1.74954170552,0.0174858388,2.27745599588,0.0174858388,0.451988510982,1.55146844223,2.17655141776,0.367495730245,0.0174858388,3.34598172537,0.0174858388,1.64331953327,0.459692512645,3.26355849084,3.41430706929,0.748622094871,0.468138609305,2.25542926345,0.779765049784,0.231017246368,0.810969482216,0.943051650697,1.92323403884,0.426528520045
2004,25,5.8826524317,0.0174858388,0.168546840868,0.0174858388,0.650143712228,0.216286781648,0.487388173608,3.68256433605,2.81157982244,3.59812427263,1.26838715973,2.36751331684,0.0174858388,2.54463171461,4.03575446319,0.0174858388,0.0174858388,0.271189832068,5.06797588977,0.0174858388,0.0174858388,1.97478190061,11.2471940195,0.533533324008,0.487030016776,0.98042221724,0.532939539588,0.847993184944,0.510033531044,9.49169721136,0.443403860092,0.069063906684,1.34690525338,0.874794283536,4.33795371402,0.079811670692,8.52073062464,6.24037939959,5.96374176086,0.078108575388,0.437364425352,2.8989150408,0.228951679552,0.77010984594,0.378731498568,1.08019057778,3.08272593222,0.0174858388,0.067458360752,1.69670112729,28,0.162158029475,0.191151006943,4.63972165619,0.0174858388,0.454282753261,4.76748626045,1.73290240831,0.0174858388,0.713254275189,0.405150268318,3.13777496609,1.92104980351,0.0174858388,1.80766661938,0.0174858388,0.0174858388,0.129230925396,6.23910540519,4.78948098908,2.50384014331,0.0174858388,0.303294245146,1.29555711297,0.520871310129,0.0174858388,0.0174858388,3.79689532541,0.0174858388,4.82186830004,0.180256725068,3.88206063013,4.19785103735,1.42901951684,3.76178719423,0.0174858388,0.120879904111,0.112593486346,1.94531433407,0.0174858388,6.78663331929,1.11878447336,0.0174858388,3.91034298166,0.0794065022321,0.105971715336,0.716659006107,0.0174858388,0.462512729143,1.05985922493,1.58715859442
1998,30,0.207823758837,0.174504716013,0.0174858388,0.0174858388,4.17892164205,0.0174858388,4.25743143571,4.08539252226,0.908532337497,0.439835682363,0.0174858388,0.20484292076,1.32913446361,2.43654492202,0.0174858388,0.0174858388,1.03334841694,0.385835568433,0.50438415392,0.0735032062267,0.0174858388,4.54670066581,2.4674745531,0.392061254547,0.0174858388,0.886269886393,1.23558059251,0.0174858388,0.55032349888,0.0808778547133,0.626772536383,0.939150075703,0.0894465467767,9.56381755095,4.23776390479,0.0174858388,4.17743565375,4.82026212841,6.9975501862,0.0174858388,2.95259925257,2.93433530294,0.0174858388,0.0174858388,0.961262181367,0.0174858388,2.32559621851,9.87958033557,0.166897353667,5.64436358327,31,0.0174858388,0.0812777026194,0.174876849823,0.0521887392065,0.0174858388,0.28938001111,0.143018072213,0.0174858388,0.211034225897,0.0174858388,0.104318386939,0.0174858388,0.0174858388,0.275561655716,0.0174858388,0.0497439033161,0.129652512832,0.0896664371355,0.0820019678323,0.0758315511484,0.0497439033161,0.178171290574,0.234035387729,0.0174858388,0.229374232619,0.0174858388,0.458575922187,0.0174858388,0.173457857332,0.0174858388,0.146518096865,0.166883705548,0.100604634397,0.0174858388,0.115344564016,0.114260032348,0.0820019678323,0.339710815642,0.0174858388,0.453373914313,0.202002123984,0.0174858388,0.0174858388,0.0174858388,0.0174858388,0.05591432,0.0652620811323,0.0503487741226,0.0174858388,0.10154023411
2008,33,2.21203144984,0.297564378764,0.178659750939,1.75979177702,0.189487927518,1.60863418861,3.25861146293,8.15059977819,3.03082525771,1.68187583296,0.414017309427,0.421620094164,1.14004949608,3.83566765698,0.0174858388,1.67052184841,0.0174858388,5.55807230016,13.7365212954,2.12364283679,1.67052184841,2.98326209928,1.49237323282,2.31501308044,0.113591500152,0.0174858388,2.04831514226,3.60999456215,0.0174858388,0.0850264763333,0.0818181348273,0.138753688497,1.60250604177,5.96321451163,0.0932141582061,5.54705367275,0.805836095588,3.10383322263,6.51112741973,0.0174858388,2.93196540574,0.856627964818,0.0622291638333,1.50109699434,4.86194229383,3.82885484031,4.4326062223,0.0614963714636,0.2231505454,0.0174858388,37,6.12562710024,3.68551243697,12.9899188472,0.591182930819,0.0538397188946,4.03365703744,0.699596603957,0.161727324808,6.48245511579,1.78830451977,2.82122921504,1.56460122608,0.0174858388,0.856400671857,5.18428726618,1.48082434901,0.0174858388,5.48631063175,1.42780691185,2.01559023618,1.48082434901,0.108995816238,1.92895393688,1.60604066204,0.0174858388,4.66920345603,2.38228088607,0.157783788116,2.03173050445,0.105425109543,2.69064733718,0.191941550003,1.50797003163,0.318027988884,0.133033500462,0.0174858388,0.42272581417,2.73339732302,0.0174858388,0.747436212543,2.06352717565,3.79559407933,0.0622896982946,0.2553682266,0.0174858388,1.47368640818,0.545190706905,0.0174858388,4.03254133068,1.80434897862
2009,40,1.46872586319,0.129946531767,0.316399780595,2.61324612838,0.0942290375625,4.00202275257,1.16680150675,13.0487294086,5.62500411888,0.328467335995,0.15432605191,5.47160907374,1.32115907486,0.420221297435,0.0174858388,0.0174858388,0.459961920737,9.1828461729,10.8592959751,0.0174858388,0.0174858388,2.18966815324,0.789818351792,0.83825539065,1.39789229955,3.1709547822,0.521592264655,0.0174858388,0.697529069452,0.0174858388,4.01486599087,0.0174858388,4.08665517364,2.90541896315,0.214887841668,0.663558142987,0.0174858388,0.816647969135,0.0174858388,0.334910251585,3.82533321568,5.46191466511,2.58789957168,9.09863421733,3.55041333789,0.0174858388,0.641606083272,1.03541896445,0.05051144016,6.84205538077,38,1.32926795227,0.758118349526,5.4400571539,1.5644130684,0.466504628447,0.709444930942,0.221702740034,0.128471332155,2.18868510254,3.67999507657,7.66305622561,0.259059034942,2.86488474034,3.14149198856,4.07931639002,0.0174858388,0.500167617905,8.45618834517,2.43132075709,3.13830434524,0.0174858388,0.292398204745,0.286945330574,1.10730613513,0.08663803155,2.93853847038,2.15845382793,1.93316024424,1.31331139296,0.556523889787,2.81485193443,0.0174858388,2.94001280516,0.0174858388,0.0174858388,0.0174858388,0.564819502829,2.45426646246,0.344255123753,5.77759775212,1.07268552343,12.7544361814,0.0547275616395,0.299311503213,0.486961687663,0.3798122794,0.618645396684,3.96435649201,3.11037292366,0.0174858388
